Datetime,Water Level (m)
2025-02-10 06:00:00,0.61233586
2025-02-10 07:00:00,0.11041574
2025-02-10 08:00:00,-0.46881372
2025-02-10 09:00:00,-0.9271803
2025-02-10 10:00:00,-1.2855836
2025-02-10 11:00:00,-1.517731
2025-02-10 12:00:00,-1.5753789
2025-02-10 13:00:00,-1.199233
2025-02-10 14:00:00,-0.36712188
2025-02-10 15:00:00,0.316656
2025-02-10 16:00:00,0.8760991
2025-02-10 17:00:00,1.2277437
2025-02-10 18:00:00,1.2369139
2025-02-10 19:00:00,0.81064034
2025-02-10 20:00:00,0.08695348
2025-02-10 21:00:00,-0.51280844
2025-02-10 22:00:00,-0.96686226
2025-02-10 23:00:00,-1.336547
2025-02-11 00:00:00,-1.5522463
2025-02-11 01:00:00,-1.5946664
2025-02-11 02:00:00,-1.169137
2025-02-11 03:00:00,-0.34169847
2025-02-11 04:00:00,0.29112017
2025-02-11 05:00:00,0.7469008
2025-02-11 06:00:00,0.94211555
2025-02-11 07:00:00,0.71837926
2025-02-11 08:00:00,0.05088849
2025-02-11 09:00:00,-0.5748239
2025-02-11 10:00:00,-1.0470135
2025-02-11 11:00:00,-1.396004
2025-02-11 12:00:00,-1.6158636
2025-02-11 13:00:00,-1.5882154
2025-02-11 14:00:00,-0.9699096
2025-02-11 15:00:00,-0.16194133
2025-02-11 16:00:00,0.5297892
2025-02-11 17:00:00,1.0834768
2025-02-11 18:00:00,1.4020207
2025-02-11 19:00:00,1.222535
2025-02-11 20:00:00,0.6932667
2025-02-11 21:00:00,-0.054403838
2025-02-11 22:00:00,-0.6510138
2025-02-11 23:00:00,-1.1022897
2025-02-12 00:00:00,-1.4602295
2025-02-12 01:00:00,-1.6754178
2025-02-12 02:00:00,-1.6275282
2025-02-12 03:00:00,-0.8829565
2025-02-12 04:00:00,-0.06367147
2025-02-12 05:00:00,0.5796814
2025-02-12 06:00:00,0.982285
2025-02-12 07:00:00,1.0786813
2025-02-12 08:00:00,0.6012663
2025-02-12 09:00:00,-0.13693343
2025-02-12 10:00:00,-0.7132938
2025-02-12 11:00:00,-1.1757234
2025-02-12 12:00:00,-1.4965217
2025-02-12 13:00:00,-1.6682948
2025-02-12 14:00:00,-1.5243057
2025-02-12 15:00:00,-0.67695117
2025-02-12 16:00:00,0.11928624
2025-02-12 17:00:00,0.80451894
2025-02-12 18:00:00,1.3161129
2025-02-12 19:00:00,1.320955
2025-02-12 20:00:00,1.0595998
2025-02-12 21:00:00,0.3520682
2025-02-12 22:00:00,-0.34740952
2025-02-12 23:00:00,-0.8675797
2025-02-13 00:00:00,-1.3018572
2025-02-13 01:00:00,-1.6145521
2025-02-13 02:00:00,-1.7553053
2025-02-13 03:00:00,-1.4443635
2025-02-13 04:00:00,-0.4797474
2025-02-13 05:00:00,0.27202955
2025-02-13 06:00:00,0.8655799
2025-02-13 07:00:00,1.1897464
2025-02-13 08:00:00,1.0264282
2025-02-13 09:00:00,0.3363067
2025-02-13 10:00:00,-0.37178782
2025-02-13 11:00:00,-0.87824386
2025-02-13 12:00:00,-1.3184807
2025-02-13 13:00:00,-1.5994799
2025-02-13 14:00:00,-1.6944335
2025-02-13 15:00:00,-1.2616682
2025-02-13 16:00:00,-0.31998375
2025-02-13 17:00:00,0.44149858
2025-02-13 18:00:00,1.0818366
2025-02-13 19:00:00,1.4572809
2025-02-13 20:00:00,1.2491237
2025-02-13 21:00:00,0.75994676
2025-02-13 22:00:00,-0.03195175
2025-02-13 23:00:00,-0.6570582
2025-02-14 00:00:00,-1.1273829
2025-02-14 01:00:00,-1.5068306
2025-02-14 02:00:00,-1.748111
2025-02-14 03:00:00,-1.7225646
2025-02-14 04:00:00,-0.9492429
2025-02-14 05:00:00,-0.07389729
2025-02-14 06:00:00,0.63385993
2025-02-14 07:00:00,1.0979707
2025-02-14 08:00:00,1.234082
2025-02-14 09:00:00,0.76087445
2025-02-14 10:00:00,-0.029321527
2025-02-14 11:00:00,-0.64828604
2025-02-14 12:00:00,-1.095487
2025-02-14 13:00:00,-1.4709841
2025-02-14 14:00:00,-1.680698
2025-02-14 15:00:00,-1.6104995
2025-02-14 16:00:00,-0.80485046
2025-02-14 17:00:00,0.046498094
2025-02-14 18:00:00,0.768236
2025-02-14 19:00:00,1.3086244
2025-02-14 20:00:00,1.3603609
2025-02-14 21:00:00,0.9827605
2025-02-14 22:00:00,0.27878946
2025-02-14 23:00:00,-0.42541948
2025-02-15 00:00:00,-0.9371292
2025-02-15 01:00:00,-1.3637753
2025-02-15 02:00:00,-1.6592056
2025-02-15 03:00:00,-1.7811488
2025-02-15 04:00:00,-1.3815432
2025-02-15 05:00:00,-0.4044191
2025-02-15 06:00:00,0.35464215
2025-02-15 07:00:00,0.9484282
2025-02-15 08:00:00,1.2889467
2025-02-15 09:00:00,1.0998465
2025-02-15 10:00:00,0.40214297
2025-02-15 11:00:00,-0.31423882
2025-02-15 12:00:00,-0.84402364
2025-02-15 13:00:00,-1.2714343
2025-02-15 14:00:00,-1.5567312
2025-02-15 15:00:00,-1.6641637
2025-02-15 16:00:00,-1.2450973
2025-02-15 17:00:00,-0.2987576
2025-02-15 18:00:00,0.4537627
2025-02-15 19:00:00,1.0707185
2025-02-15 20:00:00,1.4368517
2025-02-15 21:00:00,1.2041539
2025-02-15 22:00:00,0.5848591
2025-02-15 23:00:00,-0.1632236
2025-02-16 00:00:00,-0.74586904
2025-02-16 01:00:00,-1.19291
2025-02-16 02:00:00,-1.5325122
2025-02-16 03:00:00,-1.7197925
2025-02-16 04:00:00,-1.5636526
2025-02-16 05:00:00,-0.70216596
2025-02-16 06:00:00,0.077441715
